{
  "project_info": {
    "project_number": "376296304851",
    "firebase_url": "https://nfulogin-default-rtdb.asia-southeast1.firebasedatabase.app",
    "project_id": "nfulogin",
    "storage_bucket": "nfulogin.appspot.com"
  },
  "client": [
    {
      "client_info": {
        "mobilesdk_app_id": "1:376296304851:android:3aa2e9147064afecc56426",
        "android_client_info": {
          "package_name": "com.nfu2"
        }
      },
      "oauth_client": [
        {
          "client_id": "376296304851-r0t5mhgdon7qv4rs8h0iabvt3fhguipe.apps.googleusercontent.com",
          "client_type": 3
        }
      ],
      "api_key": [
        {
          "current_key": "AIzaSyAD78eaLPSgcj169rLwzDFLt5J5ehQh32M"
        }
      ],
      "services": {
        "appinvite_service": {
          "other_platform_oauth_client": [
            {
              "client_id": "376296304851-r0t5mhgdon7qv4rs8h0iabvt3fhguipe.apps.googleusercontent.com",
              "client_type": 3
            }
          ]
        }
      }
    }
  ],
  "configuration_version": "1"
}